event_id,timestamp,density_estimate,expected_crowd_size,GateA,GateB,GateC,GateD,Food Court,SectionA,SectionB,SectionC,SectionD,Toilet,recommendations,risk_level,scenario_type,status
E001,2025-09-19T21:37:00Z,218,1737,Open,Closed,Closed,Open,393,344,345,264,364,386,Deploy staff to Food Court,Low,EmergencyEvacuation,Simulated
E002,2025-09-19T18:31:00Z,310,2465,Open,Open,Closed,Closed,487,455,476,434,507,430,Deploy staff to Food Court,Low,EmergencyEvacuation,Simulated
E003,2025-09-19T18:22:00Z,201,1467,Closed,Closed,Closed,Open,314,291,265,339,259,295,Deploy staff to Food Court,Low,FoodCourtRush,Simulated
E004,2025-09-19T21:11:00Z,121,850,Open,Open,Open,Open,225,0,207,163,208,172,Deploy staff to Food Court,Low,ExitFlow,Simulated
E005,2025-09-19T21:49:00Z,298,3424,Open,Open,Closed,Closed,760,631,672,662,663,673,Deploy staff to Food Court,Low,FoodCourtRush,Simulated
E006,2025-09-19T20:41:00Z,329,3437,Closed,Open,Open,Closed,694,672,730,646,700,754,Deploy staff to Food Court,Low,EmergencyEvacuation,Simulated
E007,2025-09-19T20:11:00Z,50,537,Closed,Open,Closed,Open,169,95,76,191,72,92,Deploy staff to Food Court,Low,EmergencyEvacuation,Simulated
E008,2025-09-19T20:21:00Z,508,4556,Closed,Open,Closed,Closed,906,971,912,912,940,926,Deploy staff to Food Court,Low,EntryRush,Simulated
E009,2025-09-19T18:30:00Z,518,4800,Closed,Closed,Closed,Closed,844,961,950,1012,916,975,Deploy staff to Food Court,Low,EntryRush,Simulated
E010,2025-09-19T18:19:00Z,515,4641,Open,Open,Open,Closed,954,834,1014,899,949,931,Deploy staff to Food Court,Low,HalfTimeExit,Simulated
E011,2025-09-19T19:36:00Z,428,4680,Open,Open,Closed,Open,894,946,888,1024,957,886,Deploy staff to Food Court,Low,EmergencyEvacuation,Simulated
E012,2025-09-19T19:09:00Z,403,3753,Open,Open,Closed,Open,772,612,799,752,756,699,Deploy staff to Food Court,Low,EmergencyEvacuation,Simulated
E013,2025-09-19T19:08:00Z,240,2909,Closed,Closed,Open,Open,593,579,626,536,554,606,Deploy staff to Food Court,Low,NormalFlow,Simulated
E014,2025-09-19T18:08:00Z,371,3323,Open,Open,Open,Closed,572,666,625,617,627,665,Deploy staff to Food Court,Low,EmergencyEvacuation,Simulated
E015,2025-09-19T20:12:00Z,463,4837,Open,Closed,Open,Open,1034,1081,961,981,1016,933,Deploy staff to Food Court,Low,HalfTimeExit,Simulated
E016,2025-09-19T20:16:00Z,458,4156,Open,Closed,Open,Closed,918,801,874,839,833,874,Deploy staff to Food Court,Low,EntryRush,Simulated
E017,2025-09-19T19:34:00Z,463,4669,Closed,Open,Closed,Open,942,920,870,902,867,827,Deploy staff to Food Court,Low,EntryRush,Simulated
E018,2025-09-19T21:05:00Z,123,1596,Closed,Open,Open,Closed,369,333,207,359,374,271,Deploy staff to Food Court,Low,EntryRush,Simulated
E019,2025-09-19T20:42:00Z,355,3473,Closed,Open,Closed,Open,702,696,705,738,788,604,Deploy staff to Food Court,Low,FoodCourtRush,Simulated
E020,2025-09-19T23:04:00Z,518,4466,Closed,Open,Closed,Open,876,879,852,888,945,814,Deploy staff to Food Court,Low,FoodCourtRush,Simulated
E021,2025-09-19T20:25:00Z,507,4529,Closed,Closed,Closed,Closed,905,840,867,936,828,794,Deploy staff to Food Court,Low,EntryRush,Simulated
E022,2025-09-19T18:28:00Z,256,2421,Closed,Closed,Open,Closed,531,476,439,381,406,395,Deploy staff to Food Court,Low,FoodCourtRush,Simulated
E023,2025-09-19T23:02:00Z,50,1596,Closed,Open,Closed,Open,383,355,282,345,361,267,Deploy staff to Food Court,Low,NormalFlow,Simulated
E024,2025-09-19T18:55:00Z,541,4971,Open,Open,Closed,Open,1000,1029,990,989,1056,938,Deploy staff to Food Court,Low,EmergencyEvacuation,Simulated
E025,2025-09-19T19:45:00Z,252,2181,Open,Closed,Closed,Open,414,401,499,419,504,455,Deploy staff to Food Court,Low,NormalFlow,Simulated
E026,2025-09-19T22:31:00Z,251,2153,Closed,Closed,Open,Closed,334,292,352,536,472,342,Deploy staff to Food Court,Low,NormalFlow,Simulated
E027,2025-09-19T22:57:00Z,363,3861,Closed,Open,Open,Closed,754,791,722,759,710,734,Deploy staff to Food Court,Low,NormalFlow,Simulated
E028,2025-09-19T19:13:00Z,171,1155,Open,Open,Open,Closed,244,266,232,154,262,258,Deploy staff to Food Court,Low,EmergencyEvacuation,Simulated
E029,2025-09-19T22:23:00Z,231,2636,Open,Open,Open,Closed,502,540,496,485,552,515,Deploy staff to Food Court,Low,EmergencyEvacuation,Simulated
E030,2025-09-19T23:13:00Z,357,4208,Open,Open,Closed,Closed,838,756,834,843,938,849,Deploy staff to Food Court,Low,NormalFlow,Simulated
E031,2025-09-19T19:23:00Z,250,2153,Closed,Closed,Open,Closed,461,480,449,491,405,456,Deploy staff to Food Court,Low,NormalFlow,Simulated
E032,2025-09-19T20:32:00Z,107,1277,Open,Closed,Open,Closed,211,353,288,160,267,211,Deploy staff to Food Court,Low,NormalFlow,Simulated
E033,2025-09-19T18:43:00Z,405,3902,Closed,Closed,Closed,Closed,796,789,797,762,784,744,Deploy staff to Food Court,Low,EmergencyEvacuation,Simulated
E034,2025-09-19T23:00:00Z,395,4082,Closed,Closed,Closed,Open,846,777,815,861,775,832,Deploy staff to Food Court,Low,NormalFlow,Simulated
E035,2025-09-19T18:14:00Z,316,3876,Closed,Open,Open,Open,807,765,790,884,711,769,Deploy staff to Food Court,Low,FoodCourtRush,Simulated
E036,2025-09-19T21:50:00Z,79,597,Closed,Open,Closed,Open,118,119,118,98,82,127,Deploy staff to Food Court,Low,EmergencyEvacuation,Simulated
E037,2025-09-19T20:26:00Z,59,1560,Closed,Closed,Open,Open,403,251,363,362,389,325,Deploy staff to Food Court,Low,HalfTimeExit,Simulated
E038,2025-09-19T21:24:00Z,355,3392,Closed,Open,Open,Closed,698,771,679,663,763,670,Deploy staff to Food Court,Low,NormalFlow,Simulated
E039,2025-09-19T23:25:00Z,343,3948,Open,Closed,Closed,Closed,797,728,808,818,745,725,Deploy staff to Food Court,Low,ExitFlow,Simulated
E040,2025-09-19T18:20:00Z,50,635,Open,Closed,Open,Closed,73,68,114,202,152,146,Monitor flow,Low,HalfTimeExit,Simulated
E041,2025-09-19T23:37:00Z,359,3992,Open,Closed,Open,Closed,737,788,764,872,677,781,Deploy staff to Food Court,Low,ExitFlow,Simulated
E042,2025-09-20T00:00:00Z,50,513,Closed,Open,Open,Closed,58,148,79,178,59,105,Monitor flow,Low,HalfTimeExit,Simulated
E043,2025-09-19T19:11:00Z,192,1767,Closed,Open,Closed,Open,310,389,366,276,334,338,Deploy staff to Food Court,Low,EntryRush,Simulated
E044,2025-09-19T18:19:00Z,274,3800,Open,Open,Closed,Open,750,814,666,694,815,781,Deploy staff to Food Court,Low,FoodCourtRush,Simulated
E045,2025-09-19T23:21:00Z,50,767,Open,Open,Closed,Open,168,97,139,261,159,114,Deploy staff to Food Court,Low,HalfTimeExit,Simulated
E046,2025-09-19T22:05:00Z,218,2034,Open,Closed,Closed,Closed,404,404,379,355,418,412,Deploy staff to Food Court,Low,FoodCourtRush,Simulated
E047,2025-09-19T19:29:00Z,125,693,Closed,Open,Closed,Closed,142,136,181,136,154,154,Deploy staff to Food Court,Low,EmergencyEvacuation,Simulated
E048,2025-09-19T20:19:00Z,290,2988,Open,Open,Open,Closed,608,582,559,569,549,677,Deploy staff to Food Court,Low,HalfTimeExit,Simulated
E049,2025-09-19T21:16:00Z,50,663,Closed,Closed,Open,Closed,86,57,180,199,122,91,Monitor flow,Low,HalfTimeExit,Simulated
E050,2025-09-19T22:00:00Z,402,4296,Closed,Closed,Open,Open,834,799,829,885,901,862,Deploy staff to Food Court,Low,EmergencyEvacuation,Simulated
E051,2025-09-19T21:20:00Z,50,573,Closed,Closed,Open,Open,107,80,96,109,80,189,Deploy staff to Food Court,Low,FoodCourtRush,Simulated
E052,2025-09-19T23:51:00Z,197,2309,Closed,Open,Closed,Open,431,403,408,426,511,381,Deploy staff to Food Court,Low,EmergencyEvacuation,Simulated
E053,2025-09-19T23:21:00Z,397,4346,Closed,Open,Open,Closed,905,827,807,920,860,800,Deploy staff to Food Court,Low,NormalFlow,Simulated
E054,2025-09-19T18:03:00Z,303,2374,Open,Open,Closed,Open,527,500,467,571,501,397,Deploy staff to Food Court,Low,FoodCourtRush,Simulated
E055,2025-09-19T18:24:00Z,81,779,Closed,Open,Open,Open,201,124,178,106,171,216,Deploy staff to Food Court,Low,EmergencyEvacuation,Simulated
E056,2025-09-19T19:58:00Z,280,3567,Open,Closed,Closed,Closed,683,685,771,696,759,721,Deploy staff to Food Court,Low,NormalFlow,Simulated
E057,2025-09-19T22:28:00Z,430,4514,Open,Open,Open,Open,965,935,936,901,956,939,Deploy staff to Food Court,Low,EntryRush,Simulated
E058,2025-09-19T19:09:00Z,390,4590,Closed,Closed,Closed,Closed,878,966,864,905,831,941,Deploy staff to Food Court,Low,ExitFlow,Simulated
E059,2025-09-19T20:23:00Z,51,1152,Open,Closed,Closed,Open,212,133,270,244,209,236,Deploy staff to Food Court,Low,EmergencyEvacuation,Simulated
E060,2025-09-19T23:12:00Z,73,1483,Open,Closed,Closed,Closed,250,298,287,275,269,295,Deploy staff to Food Court,Low,FoodCourtRush,Simulated
E061,2025-09-19T21:02:00Z,500,4704,Open,Open,Closed,Closed,978,1037,976,936,844,999,Deploy staff to Food Court,Low,HalfTimeExit,Simulated
E062,2025-09-19T21:55:00Z,68,1171,Closed,Closed,Closed,Closed,236,265,207,235,156,228,Deploy staff to Food Court,Low,EmergencyEvacuation,Simulated
E063,2025-09-19T19:28:00Z,357,4304,Closed,Open,Closed,Closed,785,823,899,810,844,797,Deploy staff to Food Court,Low,EmergencyEvacuation,Simulated
E064,2025-09-19T19:00:00Z,149,1758,Closed,Open,Open,Open,295,392,380,392,401,407,Deploy staff to Food Court,Low,NormalFlow,Simulated
E065,2025-09-19T22:42:00Z,287,2699,Closed,Closed,Open,Closed,582,500,554,545,538,561,Deploy staff to Food Court,Low,EntryRush,Simulated
E066,2025-09-19T22:36:00Z,283,1511,Closed,Closed,Closed,Open,286,248,405,185,288,346,Deploy staff to Food Court,Low,FoodCourtRush,Simulated
E067,2025-09-19T23:05:00Z,391,3205,Closed,Closed,Closed,Closed,653,595,669,570,648,612,Deploy staff to Food Court,Low,ExitFlow,Simulated
E068,2025-09-19T20:26:00Z,168,1177,Closed,Closed,Closed,Open,217,191,291,211,215,235,Deploy staff to Food Court,Low,EntryRush,Simulated
E069,2025-09-19T23:16:00Z,52,671,Closed,Open,Closed,Closed,131,164,154,77,155,104,Deploy staff to Food Court,Low,NormalFlow,Simulated
E070,2025-09-19T22:49:00Z,206,2497,Closed,Open,Open,Closed,481,499,577,448,521,572,Deploy staff to Food Court,Low,NormalFlow,Simulated
E071,2025-09-19T18:24:00Z,303,2586,Open,Closed,Open,Closed,518,583,491,584,587,551,Deploy staff to Food Court,Low,ExitFlow,Simulated
E072,2025-09-19T22:25:00Z,282,2360,Open,Closed,Open,Closed,538,492,498,459,336,493,Deploy staff to Food Court,Low,ExitFlow,Simulated
E073,2025-09-19T21:55:00Z,81,1471,Closed,Open,Open,Closed,297,276,225,364,285,244,Deploy staff to Food Court,Low,HalfTimeExit,Simulated
E074,2025-09-19T21:15:00Z,264,3078,Open,Open,Closed,Closed,667,623,587,578,576,579,Deploy staff to Food Court,Low,EmergencyEvacuation,Simulated
E075,2025-09-19T22:59:00Z,87,1145,Closed,Open,Open,Closed,158,213,284,223,246,173,Monitor flow,Low,NormalFlow,Simulated
E076,2025-09-19T22:55:00Z,156,1669,Open,Closed,Closed,Open,315,348,343,328,342,406,Deploy staff to Food Court,Low,EmergencyEvacuation,Simulated
E077,2025-09-19T18:38:00Z,214,2484,Closed,Open,Open,Closed,565,482,441,568,436,568,Deploy staff to Food Court,Low,HalfTimeExit,Simulated
E078,2025-09-19T21:43:00Z,192,1903,Open,Open,Open,Open,431,375,282,377,414,344,Deploy staff to Food Court,Low,ExitFlow,Simulated
E079,2025-09-19T20:45:00Z,74,539,Open,Closed,Open,Closed,113,158,167,75,163,137,Deploy staff to Food Court,Low,EntryRush,Simulated
E080,2025-09-19T22:06:00Z,112,1110,Closed,Closed,Closed,Open,163,201,143,161,188,263,Monitor flow,Low,FoodCourtRush,Simulated
E081,2025-09-19T23:03:00Z,247,3033,Closed,Closed,Closed,Open,599,539,660,504,621,559,Deploy staff to Food Court,Low,ExitFlow,Simulated
E082,2025-09-19T23:09:00Z,251,1829,Closed,Open,Closed,Closed,349,261,402,308,314,349,Deploy staff to Food Court,Low,EmergencyEvacuation,Simulated
E083,2025-09-19T22:19:00Z,327,3597,Closed,Closed,Closed,Closed,713,771,652,715,669,768,Deploy staff to Food Court,Low,HalfTimeExit,Simulated
E084,2025-09-19T22:04:00Z,311,3273,Closed,Open,Open,Closed,683,636,623,674,566,611,Deploy staff to Food Court,Low,FoodCourtRush,Simulated
E085,2025-09-19T23:20:00Z,117,1657,Closed,Open,Closed,Open,353,328,386,404,308,276,Deploy staff to Food Court,Low,NormalFlow,Simulated
E086,2025-09-19T20:32:00Z,175,1485,Closed,Closed,Closed,Closed,330,256,286,358,291,276,Deploy staff to Food Court,Low,NormalFlow,Simulated
E087,2025-09-19T20:40:00Z,309,3209,Closed,Closed,Closed,Closed,557,692,682,639,610,664,Deploy staff to Food Court,Low,EntryRush,Simulated
E088,2025-09-19T18:11:00Z,316,2606,Closed,Closed,Open,Closed,566,476,457,514,535,609,Deploy staff to Food Court,Low,ExitFlow,Simulated
E089,2025-09-19T19:45:00Z,354,3439,Open,Closed,Closed,Open,660,659,610,782,690,650,Deploy staff to Food Court,Low,EntryRush,Simulated
E090,2025-09-19T20:56:00Z,174,3038,Closed,Closed,Closed,Closed,659,609,651,624,605,596,Deploy staff to Food Court,Low,EmergencyEvacuation,Simulated
E091,2025-09-19T18:52:00Z,316,2837,Closed,Closed,Closed,Closed,579,565,563,532,563,583,Deploy staff to Food Court,Low,NormalFlow,Simulated
E092,2025-09-19T22:45:00Z,374,3689,Closed,Closed,Open,Open,750,720,760,714,768,679,Deploy staff to Food Court,Low,NormalFlow,Simulated
E093,2025-09-19T20:15:00Z,357,4811,Closed,Closed,Closed,Open,905,936,933,931,844,922,Deploy staff to Food Court,Low,NormalFlow,Simulated
E094,2025-09-19T19:31:00Z,271,2303,Open,Open,Closed,Open,415,341,532,479,531,470,Deploy staff to Food Court,Low,FoodCourtRush,Simulated
E095,2025-09-19T18:50:00Z,250,2449,Closed,Open,Closed,Closed,487,417,501,526,409,487,Deploy staff to Food Court,Low,HalfTimeExit,Simulated
E096,2025-09-19T20:14:00Z,126,1639,Open,Closed,Open,Closed,252,316,290,350,368,389,Deploy staff to Food Court,Low,ExitFlow,Simulated
E097,2025-09-19T20:52:00Z,181,2055,Open,Closed,Open,Open,385,402,379,335,437,416,Deploy staff to Food Court,Low,ExitFlow,Simulated
E098,2025-09-19T23:25:00Z,356,3801,Open,Closed,Open,Closed,804,842,718,711,747,774,Deploy staff to Food Court,Low,HalfTimeExit,Simulated
E099,2025-09-19T21:39:00Z,222,1534,Closed,Closed,Open,Closed,329,360,282,254,320,302,Deploy staff to Food Court,Low,EntryRush,Simulated
E100,2025-09-19T18:10:00Z,468,4029,Open,Open,Open,Closed,928,862,763,886,728,828,Deploy staff to Food Court,Low,NormalFlow,Simulated
E101,2025-09-19T22:54:00Z,372,3603,Closed,Open,Open,Closed,775,706,637,747,693,804,Deploy staff to Food Court,Low,FoodCourtRush,Simulated
E102,2025-09-19T21:40:00Z,378,2925,Closed,Closed,Open,Open,555,720,678,581,559,642,Deploy staff to Food Court,Low,FoodCourtRush,Simulated
E103,2025-09-19T19:16:00Z,73,1344,Closed,Closed,Open,Open,284,244,286,236,286,322,Deploy staff to Food Court,Low,ExitFlow,Simulated
E104,2025-09-19T19:07:00Z,72,729,Closed,Open,Open,Open,126,63,113,145,82,6,Deploy staff to Food Court,Low,NormalFlow,Simulated
E105,2025-09-19T22:28:00Z,311,1401,Open,Open,Closed,Open,203,280,274,287,353,259,Monitor flow,Medium,NormalFlow,Simulated
E106,2025-09-19T18:32:00Z,141,1679,Closed,Open,Closed,Open,258,333,306,365,314,397,Deploy staff to Food Court,Low,ExitFlow,Simulated
E107,2025-09-19T23:47:00Z,440,4007,Closed,Open,Closed,Closed,727,814,825,694,786,789,Deploy staff to Food Court,Low,ExitFlow,Simulated
E108,2025-09-19T20:44:00Z,445,4224,Closed,Open,Open,Closed,826,810,910,781,884,829,Deploy staff to Food Court,Low,NormalFlow,Simulated
E109,2025-09-19T21:47:00Z,378,4256,Closed,Closed,Open,Closed,835,834,815,836,837,864,Deploy staff to Food Court,Low,EntryRush,Simulated
E110,2025-09-19T23:25:00Z,149,1313,Open,Open,Open,Open,186,251,205,278,258,242,Monitor flow,Low,FoodCourtRush,Simulated
E111,2025-09-19T18:00:00Z,351,2988,Closed,Closed,Closed,Open,555,575,588,648,540,622,Deploy staff to Food Court,Low,ExitFlow,Simulated
E112,2025-09-19T18:36:00Z,418,4357,Open,Closed,Closed,Open,921,822,922,875,878,830,Deploy staff to Food Court,Low,NormalFlow,Simulated
E113,2025-09-19T18:43:00Z,372,4201,Closed,Closed,Closed,Closed,886,764,810,874,824,815,Deploy staff to Food Court,Low,HalfTimeExit,Simulated
E114,2025-09-19T21:16:00Z,366,3810,Open,Open,Open,Open,755,821,695,765,686,749,Deploy staff to Food Court,Low,HalfTimeExit,Simulated
E115,2025-09-19T19:28:00Z,63,681,Open,Closed,Open,Closed,172,180,99,103,197,72,Deploy staff to Food Court,Low,FoodCourtRush,Simulated
E116,2025-09-19T22:34:00Z,124,781,Closed,Closed,Open,Closed,185,177,240,114,221,178,Deploy staff to Food Court,Low,EmergencyEvacuation,Simulated
E117,2025-09-19T20:43:00Z,160,1065,Closed,Open,Open,Open,189,299,136,148,224,218,Deploy staff to Food Court,Low,EmergencyEvacuation,Simulated
E118,2025-09-19T19:08:00Z,311,3283,Closed,Closed,Closed,Open,665,667,593,676,657,739,Deploy staff to Food Court,Low,HalfTimeExit,Simulated
E119,2025-09-19T18:41:00Z,491,4402,Open,Closed,Open,Closed,934,926,895,813,892,918,Deploy staff to Food Court,Low,FoodCourtRush,Simulated
E120,2025-09-19T20:18:00Z,387,4044,Closed,Open,Closed,Open,847,804,792,736,833,887,Deploy staff to Food Court,Low,EntryRush,Simulated
E121,2025-09-20T00:00:00Z,90,1234,Closed,Closed,Closed,Closed,235,179,260,360,304,285,Deploy staff to Food Court,Low,FoodCourtRush,Simulated
E122,2025-09-19T20:57:00Z,293,3761,Closed,Closed,Open,Open,696,860,754,852,804,716,Deploy staff to Food Court,Low,ExitFlow,Simulated
E123,2025-09-19T23:24:00Z,488,4666,Open,Open,Open,Open,944,924,947,945,903,990,Deploy staff to Food Court,Low,FoodCourtRush,Simulated
E124,2025-09-19T20:26:00Z,316,4431,Open,Closed,Open,Closed,992,885,913,900,924,953,Deploy staff to Food Court,Low,ExitFlow,Simulated
E125,2025-09-19T18:50:00Z,289,2657,Closed,Open,Open,Closed,513,593,544,634,481,491,Deploy staff to Food Court,Low,EntryRush,Simulated
E126,2025-09-19T19:21:00Z,237,2499,Closed,Open,Closed,Open,507,563,547,540,549,562,Deploy staff to Food Court,Low,HalfTimeExit,Simulated
E127,2025-09-20T00:00:00Z,497,4635,Closed,Closed,Closed,Closed,890,878,950,979,870,995,Deploy staff to Food Court,Low,EntryRush,Simulated
E128,2025-09-19T19:55:00Z,139,1263,Open,Open,Open,Open,205,181,285,232,230,276,Deploy staff to Food Court,Low,HalfTimeExit,Simulated
E129,2025-09-19T21:33:00Z,50,588,Closed,Open,Closed,Open,214,81,54,146,59,116,Deploy staff to Food Court,Low,NormalFlow,Simulated
E130,2025-09-19T21:32:00Z,334,3079,Closed,Open,Closed,Open,614,698,667,626,705,676,Deploy staff to Food Court,Low,NormalFlow,Simulated
E131,2025-09-19T19:44:00Z,544,4677,Closed,Closed,Open,Open,941,856,923,872,916,922,Deploy staff to Food Court,Low,NormalFlow,Simulated
E132,2025-09-19T22:49:00Z,98,1415,Closed,Open,Closed,Closed,265,240,250,320,300,366,Deploy staff to Food Court,Low,FoodCourtRush,Simulated
E133,2025-09-19T19:57:00Z,456,4455,Open,Open,Open,Open,861,916,922,827,838,966,Deploy staff to Food Court,Low,HalfTimeExit,Simulated
E134,2025-09-19T21:46:00Z,157,1613,Open,Closed,Open,Open,267,334,270,229,358,325,Deploy staff to Food Court,Low,NormalFlow,Simulated
E135,2025-09-19T20:37:00Z,314,3160,Closed,Closed,Closed,Closed,644,562,677,569,595,672,Deploy staff to Food Court,Low,FoodCourtRush,Simulated
E136,2025-09-19T21:28:00Z,368,3741,Open,Open,Closed,Closed,799,781,687,754,763,804,Deploy staff to Food Court,Low,ExitFlow,Simulated
E137,2025-09-19T19:18:00Z,104,2209,Closed,Closed,Closed,Closed,529,386,416,408,367,401,Deploy staff to Food Court,Low,ExitFlow,Simulated
E138,2025-09-19T18:53:00Z,343,3321,Open,Open,Open,Closed,719,688,647,661,610,628,Deploy staff to Food Court,Low,FoodCourtRush,Simulated
E139,2025-09-19T19:30:00Z,208,2405,Open,Closed,Open,Closed,533,435,474,445,504,444,Deploy staff to Food Court,Low,FoodCourtRush,Simulated
E140,2025-09-19T19:14:00Z,84,1020,Closed,Closed,Closed,Open,214,179,161,188,190,194,Deploy staff to Food Court,Low,FoodCourtRush,Simulated
E141,2025-09-19T18:31:00Z,579,4817,Closed,Closed,Closed,Closed,892,964,878,955,1087,907,Deploy staff to Food Court,Low,HalfTimeExit,Simulated
E142,2025-09-19T23:35:00Z,463,4780,Closed,Open,Closed,Closed,914,935,1006,962,1029,973,Deploy staff to Food Court,Low,EntryRush,Simulated
E143,2025-09-19T21:20:00Z,70,1455,Closed,Open,Closed,Open,332,306,229,305,314,218,Deploy staff to Food Court,Low,EntryRush,Simulated
E144,2025-09-19T22:32:00Z,392,4255,Open,Open,Open,Closed,865,890,786,824,822,884,Deploy staff to Food Court,Low,HalfTimeExit,Simulated
E145,2025-09-19T23:15:00Z,186,1991,Closed,Open,Open,Closed,456,421,479,486,410,463,Deploy staff to Food Court,Low,ExitFlow,Simulated
E146,2025-09-19T22:24:00Z,247,2475,Closed,Open,Closed,Closed,490,386,542,574,502,434,Deploy staff to Food Court,Low,HalfTimeExit,Simulated
E147,2025-09-19T18:23:00Z,225,2658,Closed,Open,Open,Closed,538,591,560,556,482,464,Deploy staff to Food Court,Low,EmergencyEvacuation,Simulated
E148,2025-09-19T20:38:00Z,263,3132,Open,Closed,Open,Closed,595,622,752,595,734,649,Deploy staff to Food Court,Low,NormalFlow,Simulated
E149,2025-09-19T23:15:00Z,548,4896,Closed,Closed,Closed,Open,953,1069,946,960,1048,975,Deploy staff to Food Court,Low,HalfTimeExit,Simulated
E150,2025-09-19T22:52:00Z,80,585,Open,Closed,Closed,Closed,204,111,130,14,117,154,Deploy staff to Food Court,Low,FoodCourtRush,Simulated
E151,2025-09-19T19:20:00Z,178,1032,Closed,Closed,Open,Closed,265,244,263,156,214,89,Deploy staff to Food Court,Low,ExitFlow,Simulated
E152,2025-09-19T23:56:00Z,424,3419,Open,Closed,Open,Closed,695,724,698,700,690,655,Deploy staff to Food Court,Low,EmergencyEvacuation,Simulated
E153,2025-09-19T21:11:00Z,528,4781,Closed,Closed,Closed,Open,956,846,857,963,962,1029,Deploy staff to Food Court,Low,FoodCourtRush,Simulated
E154,2025-09-19T18:51:00Z,393,3734,Open,Closed,Closed,Open,760,738,727,765,684,799,Deploy staff to Food Court,Low,FoodCourtRush,Simulated
E155,2025-09-19T22:16:00Z,142,2416,Open,Closed,Open,Open,509,484,463,617,510,512,Deploy staff to Food Court,Low,EmergencyEvacuation,Simulated
E156,2025-09-19T23:52:00Z,180,1279,Closed,Closed,Closed,Open,248,302,216,242,314,311,Deploy staff to Food Court,Low,ExitFlow,Simulated
E157,2025-09-19T20:17:00Z,150,1930,Closed,Closed,Open,Closed,378,310,440,396,462,445,Deploy staff to Food Court,Low,HalfTimeExit,Simulated
E158,2025-09-19T18:17:00Z,408,3518,Closed,Open,Open,Open,626,736,657,696,844,618,Deploy staff to Food Court,Low,FoodCourtRush,Simulated
E159,2025-09-19T22:29:00Z,129,1627,Open,Open,Closed,Open,283,272,360,383,315,283,Deploy staff to Food Court,Low,EntryRush,Simulated
E160,2025-09-19T22:42:00Z,362,3307,Closed,Open,Closed,Closed,572,709,730,581,688,679,Deploy staff to Food Court,Low,EntryRush,Simulated
E161,2025-09-19T18:32:00Z,50,903,Open,Closed,Closed,Closed,136,234,235,159,245,147,Deploy staff to Food Court,Low,HalfTimeExit,Simulated
E162,2025-09-19T22:31:00Z,220,2094,Closed,Closed,Closed,Open,397,426,429,313,414,371,Deploy staff to Food Court,Low,FoodCourtRush,Simulated
E163,2025-09-19T23:06:00Z,471,4072,Open,Open,Open,Open,730,738,805,745,800,749,Deploy staff to Food Court,Low,FoodCourtRush,Simulated
E164,2025-09-19T18:14:00Z,130,1262,Open,Closed,Open,Closed,244,276,291,307,293,220,Deploy staff to Food Court,Low,EntryRush,Simulated
E165,2025-09-19T23:04:00Z,354,2747,Closed,Open,Closed,Closed,649,599,487,565,598,594,Deploy staff to Food Court,Low,FoodCourtRush,Simulated
E166,2025-09-19T23:25:00Z,259,3177,Closed,Open,Open,Closed,591,677,639,656,646,628,Deploy staff to Food Court,Low,NormalFlow,Simulated
E167,2025-09-19T23:17:00Z,90,919,Closed,Open,Closed,Open,147,160,126,183,189,148,Deploy staff to Food Court,Low,HalfTimeExit,Simulated
E168,2025-09-19T22:02:00Z,464,4150,Open,Closed,Closed,Closed,844,833,809,812,824,796,Deploy staff to Food Court,Low,NormalFlow,Simulated
E169,2025-09-19T23:12:00Z,480,3955,Closed,Closed,Closed,Closed,761,797,762,792,749,831,Deploy staff to Food Court,Low,ExitFlow,Simulated
E170,2025-09-19T19:24:00Z,444,4352,Closed,Closed,Closed,Closed,918,845,877,821,843,927,Deploy staff to Food Court,Low,EntryRush,Simulated
E171,2025-09-19T20:33:00Z,469,4479,Closed,Open,Open,Closed,934,940,839,858,920,972,Deploy staff to Food Court,Low,FoodCourtRush,Simulated
E172,2025-09-19T22:34:00Z,384,4053,Closed,Closed,Closed,Closed,858,743,847,827,657,875,Deploy staff to Food Court,Low,ExitFlow,Simulated
E173,2025-09-19T19:41:00Z,279,2608,Open,Open,Closed,Open,477,453,508,605,545,473,Deploy staff to Food Court,Low,FoodCourtRush,Simulated
E174,2025-09-19T21:10:00Z,79,655,Open,Open,Open,Open,69,56,147,140,119,62,Monitor flow,Low,NormalFlow,Simulated
E175,2025-09-19T23:06:00Z,179,2503,Open,Open,Closed,Closed,506,562,546,493,502,461,Deploy staff to Food Court,Low,EntryRush,Simulated
E176,2025-09-19T20:46:00Z,276,2282,Closed,Open,Closed,Closed,500,464,362,350,460,422,Deploy staff to Food Court,Low,NormalFlow,Simulated
E177,2025-09-19T22:27:00Z,456,4770,Open,Open,Closed,Open,984,886,937,896,919,944,Deploy staff to Food Court,Low,NormalFlow,Simulated
E178,2025-09-19T19:38:00Z,379,3866,Open,Closed,Open,Closed,780,815,767,766,796,834,Deploy staff to Food Court,Low,FoodCourtRush,Simulated
E179,2025-09-19T23:11:00Z,147,1077,Open,Open,Open,Closed,252,269,248,148,116,172,Deploy staff to Food Court,Low,FoodCourtRush,Simulated
E180,2025-09-19T21:47:00Z,129,716,Closed,Closed,Open,Open,148,160,150,59,57,96,Deploy staff to Food Court,Low,EmergencyEvacuation,Simulated
E181,2025-09-19T18:36:00Z,451,4324,Closed,Open,Closed,Closed,838,832,867,808,866,814,Deploy staff to Food Court,Low,FoodCourtRush,Simulated
E182,2025-09-19T22:57:00Z,50,524,Open,Closed,Open,Open,2,133,60,45,166,81,Monitor flow,Low,FoodCourtRush,Simulated
E183,2025-09-19T19:33:00Z,392,4323,Closed,Open,Open,Open,942,882,844,870,950,954,Deploy staff to Food Court,Low,EmergencyEvacuation,Simulated
E184,2025-09-19T19:12:00Z,324,3208,Open,Closed,Open,Open,599,704,674,721,648,627,Deploy staff to Food Court,Low,NormalFlow,Simulated
E185,2025-09-19T22:23:00Z,263,2605,Open,Closed,Open,Open,457,511,494,482,547,538,Deploy staff to Food Court,Low,HalfTimeExit,Simulated
E186,2025-09-19T23:52:00Z,326,3018,Open,Open,Open,Closed,606,536,658,570,557,595,Deploy staff to Food Court,Low,EntryRush,Simulated
E187,2025-09-19T23:48:00Z,290,2226,Open,Closed,Closed,Open,484,489,575,412,489,398,Deploy staff to Food Court,Low,HalfTimeExit,Simulated
E188,2025-09-19T18:16:00Z,451,4454,Open,Closed,Closed,Closed,826,906,939,881,862,898,Deploy staff to Food Court,Low,NormalFlow,Simulated
E189,2025-09-19T19:33:00Z,163,1288,Closed,Open,Open,Open,195,276,345,348,211,224,Deploy staff to Food Court,Low,ExitFlow,Simulated
E190,2025-09-19T21:31:00Z,421,4744,Closed,Open,Open,Closed,945,968,919,923,947,984,Deploy staff to Food Court,Low,ExitFlow,Simulated
E191,2025-09-19T22:00:00Z,170,2067,Open,Closed,Closed,Open,500,347,409,438,372,423,Deploy staff to Food Court,Low,EmergencyEvacuation,Simulated
E192,2025-09-19T22:39:00Z,320,2616,Closed,Closed,Open,Open,560,515,564,513,548,597,Deploy staff to Food Court,Low,NormalFlow,Simulated
E193,2025-09-19T19:53:00Z,145,2363,Closed,Open,Open,Closed,611,455,466,456,521,466,Deploy staff to Food Court,Low,NormalFlow,Simulated
E194,2025-09-19T21:19:00Z,307,3739,Open,Closed,Open,Closed,835,766,744,748,811,812,Deploy staff to Food Court,Low,HalfTimeExit,Simulated
E195,2025-09-19T22:05:00Z,227,1621,Open,Open,Open,Closed,370,329,249,387,278,331,Deploy staff to Food Court,Low,ExitFlow,Simulated
E196,2025-09-19T23:33:00Z,502,4708,Open,Open,Open,Closed,946,941,884,855,886,913,Deploy staff to Food Court,Low,FoodCourtRush,Simulated
E197,2025-09-19T20:40:00Z,251,2313,Open,Open,Open,Open,443,464,325,482,528,409,Deploy staff to Food Court,Low,HalfTimeExit,Simulated
E198,2025-09-19T19:59:00Z,114,1382,Closed,Open,Open,Closed,310,223,339,327,286,246,Deploy staff to Food Court,Low,FoodCourtRush,Simulated
E199,2025-09-19T23:36:00Z,184,1839,Open,Open,Open,Open,423,373,400,389,361,298,Deploy staff to Food Court,Low,HalfTimeExit,Simulated
E200,2025-09-19T20:33:00Z,377,3788,Closed,Closed,Closed,Open,794,812,732,767,807,726,Deploy staff to Food Court,Low,NormalFlow,Simulated
E201,2025-09-19T22:07:00Z,501,4303,Open,Open,Closed,Closed,921,918,850,845,872,831,Deploy staff to Food Court,Low,ExitFlow,Simulated
E202,2025-09-19T23:31:00Z,373,3145,Closed,Closed,Open,Closed,663,565,605,700,584,617,Deploy staff to Food Court,Low,ExitFlow,Simulated
E203,2025-09-19T22:24:00Z,474,4175,Closed,Open,Closed,Open,841,831,850,821,845,810,Deploy staff to Food Court,Low,NormalFlow,Simulated
E204,2025-09-19T23:03:00Z,577,4753,Open,Closed,Closed,Open,962,1020,880,839,865,1011,Deploy staff to Food Court,Low,ExitFlow,Simulated
E205,2025-09-19T19:51:00Z,103,584,Open,Closed,Open,Open,158,85,161,66,38,106,Deploy staff to Food Court,Low,FoodCourtRush,Simulated
E206,2025-09-19T19:05:00Z,248,2098,Open,Open,Closed,Closed,486,396,428,329,349,411,Deploy staff to Food Court,Low,FoodCourtRush,Simulated
E207,2025-09-19T22:44:00Z,471,4787,Closed,Closed,Open,Open,1103,929,920,967,1017,1021,Deploy staff to Food Court,Low,HalfTimeExit,Simulated
E208,2025-09-19T21:40:00Z,419,4649,Open,Closed,Open,Closed,956,849,1008,982,960,927,Deploy staff to Food Court,Low,NormalFlow,Simulated
E209,2025-09-19T21:46:00Z,269,3121,Closed,Closed,Open,Closed,682,565,619,650,633,586,Deploy staff to Food Court,Low,NormalFlow,Simulated
E210,2025-09-19T23:48:00Z,418,4254,Open,Closed,Open,Open,794,954,874,869,806,889,Deploy staff to Food Court,Low,HalfTimeExit,Simulated
E211,2025-09-19T18:17:00Z,216,2005,Closed,Open,Closed,Closed,451,373,411,377,335,364,Deploy staff to Food Court,Low,ExitFlow,Simulated
E212,2025-09-19T23:46:00Z,302,3000,Closed,Open,Open,Closed,632,659,563,657,602,601,Deploy staff to Food Court,Low,EmergencyEvacuation,Simulated
E213,2025-09-19T23:03:00Z,381,3801,Closed,Open,Open,Closed,792,768,815,817,810,791,Deploy staff to Food Court,Low,ExitFlow,Simulated
E214,2025-09-19T23:16:00Z,129,1746,Open,Closed,Open,Closed,426,335,336,428,348,332,Deploy staff to Food Court,Low,EntryRush,Simulated
E215,2025-09-19T21:50:00Z,164,1527,Closed,Open,Open,Closed,340,263,321,330,271,195,Deploy staff to Food Court,Low,ExitFlow,Simulated
E216,2025-09-19T23:43:00Z,114,1857,Closed,Open,Open,Closed,307,397,338,382,404,358,Deploy staff to Food Court,Low,EmergencyEvacuation,Simulated
E217,2025-09-19T21:56:00Z,560,4715,Open,Open,Closed,Open,925,972,933,917,980,972,Deploy staff to Food Court,Low,FoodCourtRush,Simulated
E218,2025-09-19T19:53:00Z,122,519,Open,Closed,Closed,Open,36,67,66,128,115,189,Monitor flow,Medium,ExitFlow,Simulated
E219,2025-09-19T22:27:00Z,346,3996,Closed,Closed,Open,Open,879,869,727,769,885,820,Deploy staff to Food Court,Low,NormalFlow,Simulated
E220,2025-09-19T21:40:00Z,79,964,Open,Closed,Open,Open,211,131,206,193,119,240,Deploy staff to Food Court,Low,ExitFlow,Simulated
E221,2025-09-19T21:54:00Z,436,4265,Closed,Open,Open,Closed,833,872,852,831,892,766,Deploy staff to Food Court,Low,EmergencyEvacuation,Simulated
E222,2025-09-19T19:29:00Z,460,4802,Open,Closed,Open,Open,949,968,935,953,985,922,Deploy staff to Food Court,Low,EmergencyEvacuation,Simulated
E223,2025-09-19T20:52:00Z,532,4724,Open,Closed,Open,Closed,978,873,900,948,971,992,Deploy staff to Food Court,Low,EmergencyEvacuation,Simulated
E224,2025-09-19T20:42:00Z,336,3552,Closed,Open,Open,Open,723,701,709,759,676,751,Deploy staff to Food Court,Low,ExitFlow,Simulated
E225,2025-09-19T20:22:00Z,389,4100,Open,Closed,Open,Open,822,775,835,852,857,875,Deploy staff to Food Court,Low,ExitFlow,Simulated
E226,2025-09-19T20:04:00Z,427,4635,Closed,Open,Open,Closed,945,868,942,859,984,952,Deploy staff to Food Court,Low,EmergencyEvacuation,Simulated
E227,2025-09-19T21:55:00Z,352,3690,Open,Open,Closed,Closed,774,824,768,671,752,720,Deploy staff to Food Court,Low,HalfTimeExit,Simulated
E228,2025-09-19T21:28:00Z,50,816,Closed,Open,Closed,Open,186,186,262,102,159,219,Deploy staff to Food Court,Low,NormalFlow,Simulated
E229,2025-09-19T23:25:00Z,378,2906,Closed,Open,Closed,Closed,601,753,556,463,579,570,Deploy staff to Food Court,Low,NormalFlow,Simulated
E230,2025-09-19T20:41:00Z,432,3960,Open,Closed,Closed,Closed,797,895,739,767,801,704,Deploy staff to Food Court,Low,EntryRush,Simulated
E231,2025-09-19T18:42:00Z,316,2703,Closed,Closed,Closed,Closed,641,632,628,431,541,535,Deploy staff to Food Court,Low,EntryRush,Simulated
E232,2025-09-19T18:15:00Z,101,1384,Closed,Open,Open,Closed,315,274,265,269,303,281,Deploy staff to Food Court,Low,EmergencyEvacuation,Simulated
E233,2025-09-19T19:06:00Z,179,1913,Open,Closed,Open,Open,338,373,344,426,266,395,Deploy staff to Food Court,Low,NormalFlow,Simulated
E234,2025-09-19T23:31:00Z,406,4110,Open,Open,Open,Closed,730,819,820,857,706,829,Deploy staff to Food Court,Low,EmergencyEvacuation,Simulated
E235,2025-09-19T18:54:00Z,480,4028,Closed,Open,Closed,Closed,782,849,830,768,852,717,Deploy staff to Food Court,Low,EmergencyEvacuation,Simulated
E236,2025-09-19T21:28:00Z,462,4130,Open,Closed,Closed,Closed,823,818,891,824,808,841,Deploy staff to Food Court,Low,EmergencyEvacuation,Simulated
E237,2025-09-19T23:04:00Z,202,1994,Closed,Open,Open,Closed,403,373,540,363,492,286,Deploy staff to Food Court,Low,HalfTimeExit,Simulated
E238,2025-09-19T21:08:00Z,138,1250,Closed,Open,Closed,Open,292,281,225,189,291,158,Deploy staff to Food Court,Low,HalfTimeExit,Simulated
E239,2025-09-19T18:40:00Z,335,3612,Open,Closed,Open,Closed,730,684,716,775,664,746,Deploy staff to Food Court,Low,NormalFlow,Simulated
E240,2025-09-19T22:44:00Z,101,1383,Open,Open,Open,Closed,305,194,288,275,206,271,Deploy staff to Food Court,Low,FoodCourtRush,Simulated
E241,2025-09-19T20:12:00Z,217,1894,Closed,Open,Open,Open,353,392,362,385,409,325,Deploy staff to Food Court,Low,NormalFlow,Simulated
E242,2025-09-19T18:50:00Z,238,3152,Open,Closed,Closed,Closed,642,595,542,599,689,662,Deploy staff to Food Court,Low,EntryRush,Simulated
E243,2025-09-19T20:50:00Z,501,4745,Open,Closed,Closed,Closed,953,901,983,997,846,948,Deploy staff to Food Court,Low,FoodCourtRush,Simulated
E244,2025-09-19T23:16:00Z,279,3938,Open,Closed,Closed,Open,756,727,843,790,807,793,Deploy staff to Food Court,Low,EntryRush,Simulated
E245,2025-09-19T23:20:00Z,376,4663,Open,Closed,Open,Open,899,939,1018,874,933,952,Deploy staff to Food Court,Low,ExitFlow,Simulated
E246,2025-09-19T18:54:00Z,451,4258,Closed,Closed,Open,Closed,912,878,837,981,858,869,Deploy staff to Food Court,Low,FoodCourtRush,Simulated
E247,2025-09-19T21:32:00Z,178,2081,Closed,Open,Closed,Open,440,479,370,403,409,449,Deploy staff to Food Court,Low,FoodCourtRush,Simulated
E248,2025-09-19T21:57:00Z,173,1609,Open,Closed,Closed,Open,332,382,295,297,366,338,Deploy staff to Food Court,Low,EmergencyEvacuation,Simulated
E249,2025-09-19T23:42:00Z,273,2388,Closed,Open,Open,Closed,402,451,467,479,543,380,Deploy staff to Food Court,Low,NormalFlow,Simulated
E250,2025-09-19T19:04:00Z,87,1827,Closed,Closed,Open,Open,383,370,411,361,289,416,Deploy staff to Food Court,Low,EmergencyEvacuation,Simulated
E251,2025-09-19T23:46:00Z,268,3074,Closed,Closed,Closed,Open,663,595,618,670,481,620,Deploy staff to Food Court,Low,EntryRush,Simulated
E252,2025-09-19T20:48:00Z,116,947,Closed,Closed,Closed,Open,184,202,181,198,248,144,Deploy staff to Food Court,Low,FoodCourtRush,Simulated
E253,2025-09-19T19:26:00Z,54,643,Open,Closed,Closed,Closed,206,96,77,196,150,148,Deploy staff to Food Court,Low,NormalFlow,Simulated
E254,2025-09-19T20:23:00Z,90,1606,Open,Closed,Closed,Open,324,309,236,358,434,258,Deploy staff to Food Court,Low,NormalFlow,Simulated
E255,2025-09-19T20:12:00Z,195,1835,Open,Closed,Open,Open,415,329,390,378,374,380,Deploy staff to Food Court,Low,EmergencyEvacuation,Simulated
E256,2025-09-19T21:18:00Z,336,3981,Closed,Open,Open,Closed,870,833,781,734,846,852,Deploy staff to Food Court,Low,ExitFlow,Simulated
E257,2025-09-19T19:06:00Z,150,1552,Closed,Closed,Open,Open,356,318,317,357,391,317,Deploy staff to Food Court,Low,NormalFlow,Simulated
E258,2025-09-19T18:26:00Z,475,4934,Closed,Open,Open,Open,1009,1013,940,994,1037,942,Deploy staff to Food Court,Low,FoodCourtRush,Simulated
E259,2025-09-19T20:53:00Z,304,3055,Closed,Open,Open,Open,586,535,605,547,591,485,Deploy staff to Food Court,Low,HalfTimeExit,Simulated
E260,2025-09-19T19:34:00Z,312,3210,Closed,Open,Open,Closed,652,639,604,588,649,617,Deploy staff to Food Court,Low,HalfTimeExit,Simulated
E261,2025-09-19T19:09:00Z,583,4946,Closed,Closed,Closed,Closed,971,1015,895,975,1033,1023,Deploy staff to Food Court,Low,HalfTimeExit,Simulated
E262,2025-09-19T23:54:00Z,435,4649,Open,Closed,Open,Open,895,882,914,968,948,975,Deploy staff to Food Court,Low,HalfTimeExit,Simulated
E263,2025-09-19T21:11:00Z,195,1770,Open,Closed,Open,Closed,355,377,455,411,352,355,Deploy staff to Food Court,Low,FoodCourtRush,Simulated
E264,2025-09-19T18:02:00Z,458,4798,Open,Open,Open,Closed,1044,975,979,917,999,953,Deploy staff to Food Court,Low,HalfTimeExit,Simulated
E265,2025-09-19T19:45:00Z,237,2437,Closed,Closed,Closed,Open,485,535,475,487,461,500,Deploy staff to Food Court,Low,HalfTimeExit,Simulated
E266,2025-09-19T19:40:00Z,435,4368,Closed,Closed,Closed,Open,943,868,840,878,911,808,Deploy staff to Food Court,Low,ExitFlow,Simulated
E267,2025-09-19T18:01:00Z,380,3632,Closed,Open,Closed,Closed,773,696,770,717,677,724,Deploy staff to Food Court,Low,HalfTimeExit,Simulated
E268,2025-09-19T18:44:00Z,135,1952,Closed,Open,Closed,Open,361,333,357,381,355,502,Deploy staff to Food Court,Low,FoodCourtRush,Simulated
E269,2025-09-19T18:10:00Z,168,2246,Open,Closed,Closed,Closed,474,469,481,434,493,507,Deploy staff to Food Court,Low,ExitFlow,Simulated
E270,2025-09-19T19:38:00Z,60,568,Closed,Open,Open,Closed,57,82,36,152,143,99,Monitor flow,Low,EmergencyEvacuation,Simulated
E271,2025-09-19T22:23:00Z,79,710,Closed,Open,Closed,Open,203,109,218,148,71,136,Deploy staff to Food Court,Low,FoodCourtRush,Simulated
E272,2025-09-19T23:53:00Z,229,2445,Open,Open,Open,Open,380,440,498,423,566,456,Deploy staff to Food Court,Low,EmergencyEvacuation,Simulated
E273,2025-09-19T22:52:00Z,73,665,Closed,Open,Closed,Closed,146,130,153,158,194,70,Deploy staff to Food Court,Low,HalfTimeExit,Simulated
E274,2025-09-19T21:38:00Z,215,1992,Open,Closed,Closed,Closed,412,353,444,449,330,380,Deploy staff to Food Court,Low,ExitFlow,Simulated
E275,2025-09-19T22:42:00Z,388,3488,Closed,Closed,Open,Open,742,725,635,692,713,717,Deploy staff to Food Court,Low,HalfTimeExit,Simulated
E276,2025-09-19T20:30:00Z,123,1097,Open,Closed,Open,Open,215,243,262,185,217,251,Deploy staff to Food Court,Low,EntryRush,Simulated
E277,2025-09-19T23:05:00Z,296,1776,Closed,Closed,Open,Open,406,326,364,408,345,335,Deploy staff to Food Court,Low,EntryRush,Simulated
E278,2025-09-19T19:56:00Z,61,834,Closed,Open,Closed,Closed,204,157,238,111,130,185,Deploy staff to Food Court,Low,EntryRush,Simulated
E279,2025-09-19T20:00:00Z,149,741,Closed,Closed,Closed,Open,162,105,199,171,183,147,Deploy staff to Food Court,Medium,NormalFlow,Simulated
E280,2025-09-19T23:52:00Z,224,2198,Open,Open,Open,Closed,406,465,462,377,452,417,Deploy staff to Food Court,Low,EmergencyEvacuation,Simulated
E281,2025-09-19T20:03:00Z,54,746,Open,Open,Open,Closed,108,161,167,259,110,142,Monitor flow,Low,EntryRush,Simulated
E282,2025-09-19T22:53:00Z,436,4274,Open,Closed,Open,Open,897,881,759,839,842,837,Deploy staff to Food Court,Low,NormalFlow,Simulated
E283,2025-09-19T23:54:00Z,186,1111,Open,Open,Open,Open,250,243,171,279,163,224,Deploy staff to Food Court,Low,EntryRush,Simulated
E284,2025-09-19T22:20:00Z,70,509,Closed,Closed,Open,Closed,74,86,104,39,22,150,Monitor flow,Low,FoodCourtRush,Simulated
E285,2025-09-19T22:57:00Z,146,1299,Open,Closed,Closed,Closed,240,191,241,287,301,297,Deploy staff to Food Court,Low,NormalFlow,Simulated
E286,2025-09-19T23:40:00Z,119,1706,Open,Open,Closed,Closed,300,236,370,379,345,394,Deploy staff to Food Court,Low,FoodCourtRush,Simulated
E287,2025-09-19T22:18:00Z,51,529,Closed,Closed,Open,Open,131,111,180,101,97,46,Deploy staff to Food Court,Low,NormalFlow,Simulated
E288,2025-09-19T20:08:00Z,96,1836,Closed,Open,Open,Closed,341,342,314,358,373,423,Deploy staff to Food Court,Low,HalfTimeExit,Simulated
E289,2025-09-19T21:14:00Z,237,1983,Open,Closed,Open,Closed,332,382,457,380,449,414,Deploy staff to Food Court,Low,HalfTimeExit,Simulated
E290,2025-09-19T23:01:00Z,263,2508,Open,Open,Open,Open,613,496,459,447,487,547,Deploy staff to Food Court,Low,EntryRush,Simulated
E291,2025-09-19T23:12:00Z,380,3419,Open,Open,Open,Closed,629,686,704,747,707,588,Deploy staff to Food Court,Low,ExitFlow,Simulated
E292,2025-09-19T23:54:00Z,238,2047,Open,Open,Open,Closed,428,377,312,386,443,424,Deploy staff to Food Court,Low,HalfTimeExit,Simulated
E293,2025-09-19T23:40:00Z,128,1226,Closed,Closed,Closed,Closed,208,244,251,198,208,278,Deploy staff to Food Court,Low,EmergencyEvacuation,Simulated
E294,2025-09-19T20:29:00Z,475,3577,Open,Closed,Open,Open,686,696,769,746,711,733,Deploy staff to Food Court,Low,ExitFlow,Simulated
E295,2025-09-19T20:49:00Z,363,4522,Open,Open,Closed,Closed,992,913,932,889,878,884,Deploy staff to Food Court,Low,NormalFlow,Simulated
E296,2025-09-19T21:04:00Z,389,4195,Closed,Closed,Open,Closed,816,867,835,818,843,806,Deploy staff to Food Court,Low,FoodCourtRush,Simulated
E297,2025-09-19T23:40:00Z,278,2605,Closed,Closed,Closed,Closed,539,541,573,675,522,549,Deploy staff to Food Court,Low,EntryRush,Simulated
E298,2025-09-19T20:09:00Z,363,3739,Open,Open,Closed,Closed,754,791,784,798,785,786,Deploy staff to Food Court,Low,EntryRush,Simulated
E299,2025-09-19T20:21:00Z,91,1606,Closed,Open,Open,Open,330,325,346,413,379,278,Deploy staff to Food Court,Low,EmergencyEvacuation,Simulated
E300,2025-09-19T20:03:00Z,63,629,Open,Open,Closed,Open,156,62,98,141,147,40,Deploy staff to Food Court,Low,HalfTimeExit,Simulated
E301,2025-09-19T22:09:00Z,161,998,Open,Open,Open,Closed,227,233,201,187,230,94,Deploy staff to Food Court,Low,NormalFlow,Simulated
E302,2025-09-19T20:20:00Z,321,2972,Open,Open,Open,Closed,629,647,578,630,638,501,Deploy staff to Food Court,Low,HalfTimeExit,Simulated
E303,2025-09-19T22:48:00Z,304,2552,Closed,Open,Open,Closed,486,419,472,487,461,523,Deploy staff to Food Court,Low,NormalFlow,Simulated
E304,2025-09-19T22:47:00Z,357,3876,Closed,Open,Open,Closed,814,791,800,823,846,772,Deploy staff to Food Court,Low,EntryRush,Simulated
E305,2025-09-19T20:44:00Z,323,2577,Open,Closed,Closed,Closed,483,480,549,508,549,517,Deploy staff to Food Court,Low,EmergencyEvacuation,Simulated
E306,2025-09-19T22:00:00Z,363,3116,Open,Open,Closed,Open,643,657,615,505,660,648,Deploy staff to Food Court,Low,ExitFlow,Simulated
E307,2025-09-19T21:08:00Z,137,1269,Open,Closed,Closed,Closed,277,227,239,364,323,305,Deploy staff to Food Court,Low,EmergencyEvacuation,Simulated
E308,2025-09-19T22:30:00Z,158,1815,Open,Open,Open,Closed,370,255,413,396,363,363,Deploy staff to Food Court,Low,FoodCourtRush,Simulated
E309,2025-09-19T19:19:00Z,377,3395,Closed,Open,Open,Open,674,747,657,662,737,701,Deploy staff to Food Court,Low,NormalFlow,Simulated
E310,2025-09-19T22:24:00Z,172,1983,Open,Open,Closed,Open,399,428,405,422,483,479,Deploy staff to Food Court,Low,HalfTimeExit,Simulated
E311,2025-09-19T20:45:00Z,391,3544,Open,Open,Open,Open,655,545,737,754,788,705,Deploy staff to Food Court,Low,EntryRush,Simulated
E312,2025-09-19T21:41:00Z,567,4994,Closed,Open,Open,Closed,1012,1026,923,910,987,1022,Deploy staff to Food Court,Low,FoodCourtRush,Simulated
E313,2025-09-19T23:15:00Z,446,4395,Open,Open,Closed,Closed,889,925,841,869,872,967,Deploy staff to Food Court,Low,EmergencyEvacuation,Simulated
E314,2025-09-19T23:17:00Z,326,3101,Closed,Closed,Open,Closed,577,683,616,531,671,676,Deploy staff to Food Court,Low,HalfTimeExit,Simulated
E315,2025-09-19T19:58:00Z,68,890,Closed,Closed,Open,Closed,69,221,100,122,171,165,Monitor flow,Low,HalfTimeExit,Simulated
E316,2025-09-19T21:46:00Z,88,1237,Closed,Open,Open,Open,284,313,173,200,241,239,Deploy staff to Food Court,Low,HalfTimeExit,Simulated
E317,2025-09-19T20:31:00Z,186,537,Closed,Closed,Open,Closed,106,82,92,52,105,108,Open additional gates;Deploy staff to Food Court,High,FoodCourtRush,Simulated
E318,2025-09-19T18:13:00Z,138,1461,Closed,Open,Closed,Open,349,264,243,260,306,280,Deploy staff to Food Court,Low,NormalFlow,Simulated
E319,2025-09-19T22:26:00Z,419,4663,Closed,Closed,Open,Closed,882,876,934,955,903,928,Deploy staff to Food Court,Low,HalfTimeExit,Simulated
E320,2025-09-19T18:47:00Z,149,1957,Open,Open,Open,Closed,406,373,341,347,419,338,Deploy staff to Food Court,Low,FoodCourtRush,Simulated
E321,2025-09-19T20:05:00Z,314,3394,Open,Open,Closed,Open,694,671,602,658,599,656,Deploy staff to Food Court,Low,FoodCourtRush,Simulated
E322,2025-09-19T19:16:00Z,50,967,Open,Closed,Closed,Open,187,266,197,165,102,196,Deploy staff to Food Court,Low,NormalFlow,Simulated
E323,2025-09-19T18:30:00Z,399,3161,Closed,Open,Open,Closed,654,597,657,554,629,602,Deploy staff to Food Court,Low,NormalFlow,Simulated
E324,2025-09-19T23:18:00Z,66,601,Closed,Closed,Open,Open,130,91,110,78,93,198,Deploy staff to Food Court,Low,HalfTimeExit,Simulated
E325,2025-09-19T21:04:00Z,67,1058,Closed,Open,Open,Open,142,319,191,245,54,249,Monitor flow,Low,HalfTimeExit,Simulated
E326,2025-09-19T21:32:00Z,250,2596,Closed,Closed,Open,Open,568,502,468,530,479,504,Deploy staff to Food Court,Low,ExitFlow,Simulated
E327,2025-09-19T18:49:00Z,315,2762,Open,Open,Closed,Open,555,483,570,549,504,568,Deploy staff to Food Court,Low,FoodCourtRush,Simulated
E328,2025-09-19T18:55:00Z,130,1249,Open,Open,Closed,Open,199,249,265,240,224,266,Deploy staff to Food Court,Low,NormalFlow,Simulated
E329,2025-09-19T21:49:00Z,143,674,Open,Open,Closed,Closed,101,174,85,139,203,63,Monitor flow,Medium,EntryRush,Simulated
E330,2025-09-19T22:12:00Z,225,2038,Open,Open,Open,Open,427,455,333,328,494,344,Deploy staff to Food Court,Low,EntryRush,Simulated
E331,2025-09-19T20:45:00Z,545,4915,Closed,Closed,Closed,Closed,918,993,1001,1044,960,1045,Deploy staff to Food Court,Low,EmergencyEvacuation,Simulated
E332,2025-09-19T18:21:00Z,177,944,Open,Open,Open,Open,168,111,205,203,155,211,Deploy staff to Food Court,Low,HalfTimeExit,Simulated
E333,2025-09-19T22:51:00Z,222,1365,Closed,Closed,Open,Open,227,226,309,321,263,179,Deploy staff to Food Court,Low,EmergencyEvacuation,Simulated
E334,2025-09-19T22:47:00Z,301,2523,Closed,Open,Open,Open,480,476,485,445,488,526,Deploy staff to Food Court,Low,HalfTimeExit,Simulated
E335,2025-09-19T22:49:00Z,124,1278,Open,Open,Open,Closed,218,287,236,190,244,291,Deploy staff to Food Court,Low,FoodCourtRush,Simulated
E336,2025-09-19T23:34:00Z,186,1517,Open,Open,Closed,Closed,350,284,282,304,353,359,Deploy staff to Food Court,Low,EntryRush,Simulated
E337,2025-09-19T18:05:00Z,238,1593,Open,Open,Closed,Open,293,277,233,299,278,348,Deploy staff to Food Court,Low,NormalFlow,Simulated
E338,2025-09-19T18:30:00Z,303,3228,Closed,Closed,Closed,Open,637,698,590,649,668,526,Deploy staff to Food Court,Low,FoodCourtRush,Simulated
E339,2025-09-19T18:22:00Z,125,1347,Closed,Open,Closed,Open,300,257,300,335,250,334,Deploy staff to Food Court,Low,HalfTimeExit,Simulated
E340,2025-09-19T20:31:00Z,206,2554,Open,Closed,Open,Closed,511,472,517,507,527,489,Deploy staff to Food Court,Low,EmergencyEvacuation,Simulated
E341,2025-09-19T20:49:00Z,401,3936,Closed,Open,Closed,Closed,780,712,745,828,697,893,Deploy staff to Food Court,Low,HalfTimeExit,Simulated
E342,2025-09-19T19:52:00Z,364,3268,Closed,Closed,Open,Open,621,605,642,722,696,530,Deploy staff to Food Court,Low,HalfTimeExit,Simulated
E343,2025-09-19T22:32:00Z,97,636,Closed,Closed,Open,Open,58,81,123,134,91,89,Monitor flow,Low,HalfTimeExit,Simulated
E344,2025-09-19T18:14:00Z,251,2473,Closed,Closed,Open,Open,484,426,487,456,494,483,Deploy staff to Food Court,Low,HalfTimeExit,Simulated
E345,2025-09-19T18:57:00Z,484,4971,Closed,Closed,Open,Closed,1077,949,1022,930,913,1003,Deploy staff to Food Court,Low,NormalFlow,Simulated
E346,2025-09-19T22:46:00Z,268,2327,Closed,Open,Closed,Open,469,474,450,568,508,396,Deploy staff to Food Court,Low,HalfTimeExit,Simulated
E347,2025-09-19T21:31:00Z,331,3860,Closed,Closed,Closed,Open,802,685,769,703,782,697,Deploy staff to Food Court,Low,EntryRush,Simulated
E348,2025-09-19T19:57:00Z,168,848,Closed,Closed,Open,Open,270,208,95,118,215,228,Deploy staff to Food Court,Low,FoodCourtRush,Simulated
E349,2025-09-19T18:24:00Z,109,876,Open,Closed,Open,Closed,209,149,186,140,173,132,Deploy staff to Food Court,Low,ExitFlow,Simulated
E350,2025-09-19T21:25:00Z,229,2947,Closed,Open,Closed,Closed,669,579,570,573,550,625,Deploy staff to Food Court,Low,EntryRush,Simulated
E351,2025-09-19T22:28:00Z,455,4648,Open,Closed,Closed,Open,916,913,907,855,1000,911,Deploy staff to Food Court,Low,EntryRush,Simulated
E352,2025-09-19T20:03:00Z,50,535,Open,Open,Closed,Closed,27,171,103,87,39,215,Monitor flow,Low,HalfTimeExit,Simulated
E353,2025-09-19T22:07:00Z,123,1696,Open,Open,Closed,Open,325,346,243,328,316,266,Deploy staff to Food Court,Low,HalfTimeExit,Simulated
E354,2025-09-19T20:56:00Z,444,4746,Open,Closed,Closed,Closed,908,939,956,895,875,943,Deploy staff to Food Court,Low,EntryRush,Simulated
E355,2025-09-19T21:57:00Z,192,2380,Closed,Open,Open,Open,462,478,524,410,543,457,Deploy staff to Food Court,Low,EntryRush,Simulated
E356,2025-09-19T22:05:00Z,175,2146,Open,Closed,Closed,Open,437,375,406,455,430,299,Deploy staff to Food Court,Low,FoodCourtRush,Simulated
E357,2025-09-19T20:42:00Z,102,640,Closed,Closed,Open,Closed,39,188,156,192,75,95,Monitor flow,Low,EmergencyEvacuation,Simulated
E358,2025-09-19T22:22:00Z,211,2266,Closed,Open,Closed,Open,443,450,465,485,457,416,Deploy staff to Food Court,Low,EmergencyEvacuation,Simulated
E359,2025-09-19T22:22:00Z,115,716,Open,Open,Closed,Open,167,159,190,66,151,139,Deploy staff to Food Court,Low,HalfTimeExit,Simulated
E360,2025-09-19T23:51:00Z,538,4992,Closed,Closed,Open,Open,990,1024,936,985,988,997,Deploy staff to Food Court,Low,FoodCourtRush,Simulated
E361,2025-09-19T20:12:00Z,427,4241,Closed,Closed,Closed,Closed,839,880,832,779,876,866,Deploy staff to Food Court,Low,FoodCourtRush,Simulated
E362,2025-09-19T18:43:00Z,400,4381,Open,Closed,Closed,Open,848,842,891,876,829,851,Deploy staff to Food Court,Low,EmergencyEvacuation,Simulated
E363,2025-09-19T22:39:00Z,51,955,Closed,Open,Closed,Closed,139,135,236,260,239,254,Monitor flow,Low,FoodCourtRush,Simulated
E364,2025-09-19T22:37:00Z,281,2998,Open,Open,Open,Open,527,599,601,633,563,586,Deploy staff to Food Court,Low,FoodCourtRush,Simulated
E365,2025-09-19T22:41:00Z,373,4166,Closed,Open,Closed,Open,721,937,910,908,845,909,Deploy staff to Food Court,Low,ExitFlow,Simulated
E366,2025-09-19T23:00:00Z,50,662,Open,Open,Open,Closed,160,50,178,85,250,180,Deploy staff to Food Court,Low,HalfTimeExit,Simulated
E367,2025-09-19T19:17:00Z,427,4695,Closed,Closed,Open,Open,904,981,990,966,1044,896,Deploy staff to Food Court,Low,HalfTimeExit,Simulated
E368,2025-09-19T19:03:00Z,184,1588,Open,Closed,Closed,Closed,330,310,295,364,315,303,Deploy staff to Food Court,Low,HalfTimeExit,Simulated
E369,2025-09-19T21:24:00Z,419,4341,Closed,Closed,Open,Closed,789,829,808,807,888,840,Deploy staff to Food Court,Low,EntryRush,Simulated
E370,2025-09-19T18:03:00Z,267,1893,Open,Closed,Closed,Closed,240,456,306,378,352,325,Monitor flow,Low,EmergencyEvacuation,Simulated
E371,2025-09-19T20:16:00Z,193,2873,Open,Closed,Open,Closed,576,544,534,620,581,503,Deploy staff to Food Court,Low,NormalFlow,Simulated
E372,2025-09-19T18:31:00Z,309,3257,Closed,Open,Closed,Closed,626,630,709,636,662,619,Deploy staff to Food Court,Low,FoodCourtRush,Simulated
E373,2025-09-19T23:28:00Z,440,4362,Open,Open,Closed,Open,843,844,826,854,937,871,Deploy staff to Food Court,Low,ExitFlow,Simulated
E374,2025-09-19T22:04:00Z,372,3669,Closed,Open,Open,Closed,799,716,726,727,704,746,Deploy staff to Food Court,Low,EntryRush,Simulated
E375,2025-09-19T20:31:00Z,191,1933,Closed,Closed,Closed,Closed,410,440,352,443,469,471,Deploy staff to Food Court,Low,EmergencyEvacuation,Simulated
E376,2025-09-19T23:17:00Z,174,800,Open,Open,Open,Open,91,126,224,297,137,260,Monitor flow,Medium,ExitFlow,Simulated
E377,2025-09-19T19:45:00Z,379,3934,Closed,Open,Open,Open,739,726,786,783,865,780,Deploy staff to Food Court,Low,FoodCourtRush,Simulated
E378,2025-09-19T22:00:00Z,231,1672,Closed,Open,Closed,Open,423,314,328,379,290,265,Deploy staff to Food Court,Low,EmergencyEvacuation,Simulated
E379,2025-09-19T18:44:00Z,457,3798,Open,Open,Closed,Open,741,730,790,755,832,786,Deploy staff to Food Court,Low,HalfTimeExit,Simulated
E380,2025-09-19T23:20:00Z,319,3729,Closed,Closed,Open,Open,775,694,794,823,700,772,Deploy staff to Food Court,Low,EmergencyEvacuation,Simulated
E381,2025-09-19T20:19:00Z,294,3156,Open,Open,Closed,Closed,611,615,589,685,683,600,Deploy staff to Food Court,Low,NormalFlow,Simulated
E382,2025-09-19T18:15:00Z,68,648,Closed,Closed,Open,Closed,128,169,142,50,127,88,Deploy staff to Food Court,Low,FoodCourtRush,Simulated
E383,2025-09-19T22:53:00Z,238,1787,Open,Open,Open,Open,320,427,341,451,377,353,Deploy staff to Food Court,Low,FoodCourtRush,Simulated
E384,2025-09-19T18:09:00Z,376,3998,Closed,Closed,Closed,Open,873,847,778,809,836,782,Deploy staff to Food Court,Low,EntryRush,Simulated
E385,2025-09-19T22:18:00Z,122,743,Open,Closed,Closed,Closed,171,108,119,207,213,218,Deploy staff to Food Court,Low,EntryRush,Simulated
E386,2025-09-19T19:45:00Z,422,4399,Open,Closed,Closed,Closed,912,896,871,953,820,905,Deploy staff to Food Court,Low,NormalFlow,Simulated
E387,2025-09-19T20:42:00Z,227,1688,Open,Closed,Closed,Open,349,239,382,303,416,272,Deploy staff to Food Court,Low,ExitFlow,Simulated
E388,2025-09-19T22:33:00Z,452,4020,Closed,Closed,Closed,Closed,767,694,798,738,817,692,Deploy staff to Food Court,Low,EmergencyEvacuation,Simulated
E389,2025-09-19T19:31:00Z,50,654,Closed,Open,Closed,Closed,104,133,187,40,117,106,Deploy staff to Food Court,Low,ExitFlow,Simulated
E390,2025-09-19T20:01:00Z,360,3763,Open,Open,Open,Closed,790,707,747,799,800,834,Deploy staff to Food Court,Low,FoodCourtRush,Simulated
E391,2025-09-19T19:08:00Z,50,789,Open,Closed,Open,Closed,239,86,112,129,176,202,Deploy staff to Food Court,Low,FoodCourtRush,Simulated
E392,2025-09-19T20:33:00Z,156,1339,Closed,Open,Closed,Closed,205,285,266,242,365,338,Deploy staff to Food Court,Low,ExitFlow,Simulated
E393,2025-09-19T20:06:00Z,399,3945,Open,Open,Open,Closed,789,779,742,854,742,768,Deploy staff to Food Court,Low,FoodCourtRush,Simulated
E394,2025-09-19T23:35:00Z,215,2573,Open,Closed,Closed,Closed,562,485,531,599,459,561,Deploy staff to Food Court,Low,FoodCourtRush,Simulated
E395,2025-09-19T19:55:00Z,288,3389,Closed,Closed,Closed,Open,722,739,697,705,602,632,Deploy staff to Food Court,Low,NormalFlow,Simulated
E396,2025-09-19T19:57:00Z,80,958,Closed,Closed,Open,Open,242,168,251,296,146,196,Deploy staff to Food Court,Low,NormalFlow,Simulated
E397,2025-09-19T21:56:00Z,50,1319,Open,Closed,Closed,Open,175,205,241,269,271,139,Monitor flow,Low,FoodCourtRush,Simulated
E398,2025-09-19T20:14:00Z,504,4378,Open,Open,Open,Closed,861,888,912,936,804,886,Deploy staff to Food Court,Low,ExitFlow,Simulated
E399,2025-09-19T22:40:00Z,300,2703,Closed,Closed,Closed,Closed,514,420,504,582,506,553,Deploy staff to Food Court,Low,NormalFlow,Simulated
E400,2025-09-19T20:16:00Z,269,2670,Closed,Open,Closed,Open,484,540,491,572,594,593,Deploy staff to Food Court,Low,NormalFlow,Simulated
E401,2025-09-19T19:07:00Z,210,2307,Open,Closed,Closed,Closed,457,482,395,471,498,410,Deploy staff to Food Court,Low,ExitFlow,Simulated
E402,2025-09-19T19:53:00Z,416,4207,Open,Closed,Closed,Closed,814,960,884,731,907,922,Deploy staff to Food Court,Low,EmergencyEvacuation,Simulated
E403,2025-09-19T18:39:00Z,103,1336,Open,Closed,Open,Closed,277,235,301,296,382,221,Deploy staff to Food Court,Low,FoodCourtRush,Simulated
E404,2025-09-19T20:24:00Z,51,1163,Open,Open,Closed,Open,229,313,230,321,265,231,Deploy staff to Food Court,Low,NormalFlow,Simulated
E405,2025-09-19T21:22:00Z,385,4404,Open,Closed,Closed,Open,882,904,910,872,895,842,Deploy staff to Food Court,Low,FoodCourtRush,Simulated
E406,2025-09-19T22:51:00Z,113,1116,Open,Closed,Closed,Open,173,203,290,243,256,199,Deploy staff to Food Court,Low,EntryRush,Simulated
E407,2025-09-19T18:39:00Z,401,4129,Open,Open,Open,Open,735,946,826,779,854,898,Deploy staff to Food Court,Low,EmergencyEvacuation,Simulated
E408,2025-09-19T21:30:00Z,334,3948,Open,Open,Open,Closed,750,729,888,933,760,778,Deploy staff to Food Court,Low,HalfTimeExit,Simulated
E409,2025-09-19T23:48:00Z,130,977,Open,Open,Closed,Open,228,116,164,141,247,183,Deploy staff to Food Court,Low,EntryRush,Simulated
E410,2025-09-19T20:17:00Z,414,3062,Open,Closed,Open,Closed,555,713,649,560,611,701,Deploy staff to Food Court,Low,EntryRush,Simulated
E411,2025-09-19T19:00:00Z,518,4967,Closed,Closed,Open,Closed,1046,1011,1071,1023,1020,1032,Deploy staff to Food Court,Low,HalfTimeExit,Simulated
E412,2025-09-19T21:55:00Z,345,3448,Open,Closed,Open,Open,772,672,592,696,744,672,Deploy staff to Food Court,Low,HalfTimeExit,Simulated
E413,2025-09-19T21:25:00Z,71,1236,Open,Open,Closed,Open,237,235,286,242,362,288,Deploy staff to Food Court,Low,EntryRush,Simulated
E414,2025-09-19T22:16:00Z,140,1232,Open,Closed,Open,Closed,178,257,175,277,256,258,Monitor flow,Low,EntryRush,Simulated
E415,2025-09-19T19:02:00Z,406,3612,Open,Open,Closed,Open,638,723,726,701,694,749,Deploy staff to Food Court,Low,EntryRush,Simulated
E416,2025-09-19T18:04:00Z,146,2211,Closed,Open,Open,Open,541,398,417,461,423,443,Deploy staff to Food Court,Low,EmergencyEvacuation,Simulated
E417,2025-09-19T18:35:00Z,301,2276,Open,Open,Closed,Closed,437,383,533,410,415,423,Deploy staff to Food Court,Low,ExitFlow,Simulated
E418,2025-09-19T21:54:00Z,181,1414,Open,Open,Open,Open,275,338,336,314,235,214,Deploy staff to Food Court,Low,ExitFlow,Simulated
E419,2025-09-19T20:22:00Z,310,2861,Closed,Closed,Open,Open,578,523,584,525,452,647,Deploy staff to Food Court,Low,ExitFlow,Simulated
E420,2025-09-19T21:18:00Z,432,3416,Open,Open,Closed,Open,716,678,685,625,648,802,Deploy staff to Food Court,Low,HalfTimeExit,Simulated
E421,2025-09-19T23:57:00Z,56,866,Closed,Closed,Closed,Open,221,117,162,95,197,152,Deploy staff to Food Court,Low,EntryRush,Simulated
E422,2025-09-19T18:26:00Z,137,932,Open,Closed,Open,Open,149,236,221,140,190,140,Deploy staff to Food Court,Low,EntryRush,Simulated
E423,2025-09-19T23:37:00Z,168,992,Open,Closed,Open,Open,250,135,204,171,186,301,Deploy staff to Food Court,Low,EmergencyEvacuation,Simulated
E424,2025-09-19T23:54:00Z,431,4024,Open,Closed,Open,Open,757,794,870,795,779,829,Deploy staff to Food Court,Low,ExitFlow,Simulated
E425,2025-09-19T20:42:00Z,317,3890,Open,Closed,Open,Open,732,810,763,786,732,745,Deploy staff to Food Court,Low,EntryRush,Simulated
E426,2025-09-19T21:15:00Z,156,1806,Open,Open,Open,Closed,347,378,341,384,319,357,Deploy staff to Food Court,Low,EntryRush,Simulated
E427,2025-09-19T19:49:00Z,352,3003,Open,Closed,Closed,Closed,619,546,582,602,618,606,Deploy staff to Food Court,Low,HalfTimeExit,Simulated
E428,2025-09-19T18:47:00Z,345,3247,Open,Closed,Closed,Open,650,616,478,651,736,661,Deploy staff to Food Court,Low,ExitFlow,Simulated
E429,2025-09-19T21:18:00Z,50,626,Open,Open,Closed,Closed,100,120,32,188,43,111,Deploy staff to Food Court,Low,NormalFlow,Simulated
E430,2025-09-19T21:51:00Z,335,2620,Closed,Closed,Closed,Closed,567,526,422,593,494,648,Deploy staff to Food Court,Low,NormalFlow,Simulated
E431,2025-09-19T19:44:00Z,415,3108,Closed,Closed,Closed,Open,615,589,680,609,571,545,Deploy staff to Food Court,Low,FoodCourtRush,Simulated
E432,2025-09-19T19:45:00Z,399,3974,Closed,Open,Open,Open,836,779,791,705,770,827,Deploy staff to Food Court,Low,EntryRush,Simulated
E433,2025-09-19T23:49:00Z,431,4552,Closed,Open,Closed,Closed,922,857,870,878,923,901,Deploy staff to Food Court,Low,EntryRush,Simulated
E434,2025-09-19T21:30:00Z,416,3819,Closed,Closed,Closed,Open,805,648,784,767,760,691,Deploy staff to Food Court,Low,HalfTimeExit,Simulated
E435,2025-09-19T20:28:00Z,460,4746,Closed,Closed,Closed,Closed,962,934,1019,1058,962,1061,Deploy staff to Food Court,Low,EmergencyEvacuation,Simulated
E436,2025-09-19T22:04:00Z,75,852,Closed,Open,Open,Closed,311,152,154,157,186,176,Deploy staff to Food Court,Low,EntryRush,Simulated
E437,2025-09-19T18:17:00Z,356,3440,Closed,Open,Closed,Closed,722,582,711,868,752,704,Deploy staff to Food Court,Low,HalfTimeExit,Simulated
E438,2025-09-19T22:55:00Z,451,4325,Closed,Closed,Open,Closed,931,860,874,896,892,905,Deploy staff to Food Court,Low,HalfTimeExit,Simulated
E439,2025-09-19T19:09:00Z,129,1239,Open,Open,Open,Closed,255,270,201,237,195,280,Deploy staff to Food Court,Low,HalfTimeExit,Simulated
E440,2025-09-19T18:54:00Z,282,2641,Open,Closed,Open,Open,516,467,565,544,455,473,Deploy staff to Food Court,Low,FoodCourtRush,Simulated
E441,2025-09-19T20:01:00Z,363,2990,Closed,Closed,Open,Closed,576,571,610,527,607,648,Deploy staff to Food Court,Low,HalfTimeExit,Simulated
E442,2025-09-19T20:07:00Z,201,2185,Open,Closed,Closed,Closed,440,429,364,431,406,433,Deploy staff to Food Court,Low,EntryRush,Simulated
E443,2025-09-19T20:31:00Z,114,1925,Closed,Open,Closed,Closed,356,407,387,357,425,383,Deploy staff to Food Court,Low,EmergencyEvacuation,Simulated
E444,2025-09-19T18:16:00Z,170,1507,Open,Closed,Closed,Closed,315,285,306,308,298,316,Deploy staff to Food Court,Low,EmergencyEvacuation,Simulated
E445,2025-09-19T22:24:00Z,314,3823,Closed,Open,Closed,Open,792,744,787,780,815,839,Deploy staff to Food Court,Low,EmergencyEvacuation,Simulated
E446,2025-09-19T19:45:00Z,457,4716,Open,Closed,Open,Closed,961,974,973,891,935,909,Deploy staff to Food Court,Low,ExitFlow,Simulated
E447,2025-09-19T23:17:00Z,296,3339,Closed,Closed,Open,Open,659,723,649,589,686,615,Deploy staff to Food Court,Low,NormalFlow,Simulated
E448,2025-09-19T22:07:00Z,142,1382,Closed,Closed,Closed,Open,192,213,293,283,312,325,Monitor flow,Low,EmergencyEvacuation,Simulated
E449,2025-09-19T21:55:00Z,50,630,Closed,Open,Closed,Open,108,162,145,3,137,217,Deploy staff to Food Court,Low,FoodCourtRush,Simulated
E450,2025-09-19T22:58:00Z,51,750,Open,Open,Closed,Open,87,41,183,252,70,89,Monitor flow,Low,EntryRush,Simulated
E451,2025-09-19T18:30:00Z,264,3110,Closed,Open,Open,Closed,641,578,562,567,572,583,Deploy staff to Food Court,Low,NormalFlow,Simulated
E452,2025-09-19T18:27:00Z,222,1969,Open,Open,Open,Open,329,413,420,382,560,360,Deploy staff to Food Court,Low,EntryRush,Simulated
E453,2025-09-19T20:08:00Z,315,2596,Open,Closed,Closed,Open,552,564,562,529,545,462,Deploy staff to Food Court,Low,NormalFlow,Simulated
E454,2025-09-19T23:05:00Z,97,1297,Closed,Closed,Closed,Open,277,269,231,274,268,226,Deploy staff to Food Court,Low,HalfTimeExit,Simulated
E455,2025-09-19T22:04:00Z,451,4487,Open,Open,Open,Closed,897,880,922,964,848,835,Deploy staff to Food Court,Low,FoodCourtRush,Simulated
E456,2025-09-19T21:57:00Z,409,4202,Open,Closed,Closed,Open,894,690,753,869,771,802,Deploy staff to Food Court,Low,HalfTimeExit,Simulated
E457,2025-09-19T19:27:00Z,310,2525,Closed,Closed,Open,Open,614,512,447,514,544,536,Deploy staff to Food Court,Low,FoodCourtRush,Simulated
E458,2025-09-19T19:32:00Z,445,4998,Closed,Closed,Closed,Open,1043,1072,941,1011,965,1007,Deploy staff to Food Court,Low,NormalFlow,Simulated
E459,2025-09-19T18:43:00Z,331,3171,Closed,Closed,Open,Closed,592,660,657,580,605,610,Deploy staff to Food Court,Low,EntryRush,Simulated
E460,2025-09-19T20:33:00Z,50,732,Open,Open,Closed,Open,112,51,95,81,203,267,Deploy staff to Food Court,Low,ExitFlow,Simulated
E461,2025-09-19T22:05:00Z,245,2620,Closed,Open,Closed,Open,571,577,554,499,475,480,Deploy staff to Food Court,Low,ExitFlow,Simulated
E462,2025-09-19T22:55:00Z,314,1926,Closed,Closed,Closed,Open,364,328,403,338,290,340,Deploy staff to Food Court,Low,HalfTimeExit,Simulated
E463,2025-09-19T23:05:00Z,533,4575,Closed,Open,Closed,Closed,948,889,838,927,959,903,Deploy staff to Food Court,Low,FoodCourtRush,Simulated
E464,2025-09-19T21:59:00Z,288,1929,Closed,Open,Closed,Open,334,306,314,396,400,354,Deploy staff to Food Court,Low,NormalFlow,Simulated
E465,2025-09-19T19:43:00Z,255,2719,Open,Open,Closed,Open,529,532,500,491,513,466,Deploy staff to Food Court,Low,ExitFlow,Simulated
E466,2025-09-19T23:37:00Z,374,3663,Closed,Open,Open,Open,789,802,750,768,694,743,Deploy staff to Food Court,Low,NormalFlow,Simulated
E467,2025-09-19T21:00:00Z,338,3801,Closed,Closed,Closed,Open,714,801,809,757,774,789,Deploy staff to Food Court,Low,NormalFlow,Simulated
E468,2025-09-19T23:59:00Z,246,2922,Open,Open,Open,Closed,613,596,618,625,530,539,Deploy staff to Food Court,Low,FoodCourtRush,Simulated
E469,2025-09-19T19:36:00Z,357,4416,Closed,Open,Open,Open,873,900,929,908,874,829,Deploy staff to Food Court,Low,NormalFlow,Simulated
E470,2025-09-19T23:46:00Z,214,2331,Open,Open,Closed,Open,515,644,524,425,495,566,Deploy staff to Food Court,Low,FoodCourtRush,Simulated
E471,2025-09-19T23:29:00Z,506,4881,Open,Open,Open,Closed,1001,948,928,952,958,1038,Deploy staff to Food Court,Low,ExitFlow,Simulated
E472,2025-09-19T21:15:00Z,318,3113,Open,Closed,Open,Closed,671,625,689,499,636,619,Deploy staff to Food Court,Low,NormalFlow,Simulated
E473,2025-09-19T22:05:00Z,289,2374,Open,Open,Open,Open,451,556,475,522,507,453,Deploy staff to Food Court,Low,NormalFlow,Simulated
E474,2025-09-19T23:46:00Z,428,4788,Open,Open,Closed,Open,1021,1021,894,926,909,1059,Deploy staff to Food Court,Low,FoodCourtRush,Simulated
E475,2025-09-19T19:08:00Z,317,3081,Open,Closed,Closed,Open,589,655,635,597,544,627,Deploy staff to Food Court,Low,NormalFlow,Simulated
E476,2025-09-19T20:15:00Z,243,3186,Closed,Closed,Open,Closed,616,596,687,596,721,637,Deploy staff to Food Court,Low,HalfTimeExit,Simulated
E477,2025-09-19T20:17:00Z,402,3609,Open,Closed,Closed,Closed,758,689,673,752,656,725,Deploy staff to Food Court,Low,FoodCourtRush,Simulated
E478,2025-09-19T22:58:00Z,558,4674,Open,Open,Open,Closed,868,940,988,1007,934,900,Deploy staff to Food Court,Low,EmergencyEvacuation,Simulated
E479,2025-09-19T19:54:00Z,266,2450,Closed,Open,Open,Closed,505,532,559,532,540,491,Deploy staff to Food Court,Low,EmergencyEvacuation,Simulated
E480,2025-09-19T22:33:00Z,82,1181,Open,Closed,Open,Closed,187,208,163,242,216,221,Deploy staff to Food Court,Low,NormalFlow,Simulated
E481,2025-09-19T23:10:00Z,138,1227,Open,Open,Open,Closed,319,274,181,221,136,296,Deploy staff to Food Court,Low,ExitFlow,Simulated
E482,2025-09-19T23:58:00Z,246,2857,Closed,Closed,Open,Closed,578,590,631,479,531,488,Deploy staff to Food Court,Low,EmergencyEvacuation,Simulated
E483,2025-09-19T19:54:00Z,167,2145,Closed,Closed,Closed,Open,489,428,498,517,440,418,Deploy staff to Food Court,Low,EmergencyEvacuation,Simulated
E484,2025-09-19T19:15:00Z,512,4798,Open,Open,Open,Open,887,949,946,981,852,983,Deploy staff to Food Court,Low,EmergencyEvacuation,Simulated
E485,2025-09-19T20:31:00Z,240,2077,Open,Open,Open,Closed,398,447,474,389,460,476,Deploy staff to Food Court,Low,HalfTimeExit,Simulated
E486,2025-09-19T21:03:00Z,285,3189,Closed,Open,Closed,Open,685,682,668,584,583,588,Deploy staff to Food Court,Low,HalfTimeExit,Simulated
E487,2025-09-19T20:32:00Z,403,3478,Open,Closed,Closed,Open,687,763,701,762,743,674,Deploy staff to Food Court,Low,NormalFlow,Simulated
E488,2025-09-19T23:26:00Z,271,2875,Closed,Open,Closed,Closed,607,503,525,637,548,564,Deploy staff to Food Court,Low,EmergencyEvacuation,Simulated
E489,2025-09-19T20:14:00Z,357,3408,Closed,Closed,Open,Open,628,636,727,717,702,738,Deploy staff to Food Court,Low,FoodCourtRush,Simulated
E490,2025-09-19T22:15:00Z,351,3528,Closed,Open,Closed,Open,726,701,726,712,739,797,Deploy staff to Food Court,Low,HalfTimeExit,Simulated
E491,2025-09-19T22:09:00Z,480,4612,Closed,Closed,Closed,Closed,935,960,939,909,958,887,Deploy staff to Food Court,Low,ExitFlow,Simulated
E492,2025-09-19T19:05:00Z,221,2397,Open,Closed,Closed,Open,433,465,452,565,464,443,Deploy staff to Food Court,Low,FoodCourtRush,Simulated
E493,2025-09-19T23:32:00Z,70,884,Open,Closed,Closed,Open,199,109,242,159,211,143,Deploy staff to Food Court,Low,EntryRush,Simulated
E494,2025-09-19T18:25:00Z,156,1260,Closed,Open,Closed,Closed,241,262,257,279,258,264,Deploy staff to Food Court,Low,NormalFlow,Simulated
E495,2025-09-19T21:38:00Z,273,3268,Closed,Closed,Open,Closed,668,561,632,668,663,593,Deploy staff to Food Court,Low,ExitFlow,Simulated
E496,2025-09-19T18:37:00Z,518,4515,Open,Open,Open,Open,884,942,896,791,854,905,Deploy staff to Food Court,Low,HalfTimeExit,Simulated
E497,2025-09-19T18:13:00Z,257,2082,Open,Open,Closed,Closed,430,399,320,420,399,419,Deploy staff to Food Court,Low,FoodCourtRush,Simulated
E498,2025-09-19T22:07:00Z,296,2458,Open,Open,Open,Open,394,552,439,526,482,491,Deploy staff to Food Court,Low,FoodCourtRush,Simulated
E499,2025-09-19T20:16:00Z,62,1088,Open,Open,Open,Open,208,281,214,184,180,190,Deploy staff to Food Court,Low,FoodCourtRush,Simulated
E500,2025-09-19T20:23:00Z,381,3706,Closed,Open,Closed,Open,646,745,679,630,708,682,Deploy staff to Food Court,Low,NormalFlow,Simulated
